{"cameraMode":{"drawMode":0,"name":"Shaded","section":"Shading Mode"},"sceneLighting":false,"audioPlay":false,"sceneViewState":{"showFog":true,"showMaterialUpdate":false,"showSkybox":false,"showFlares":true,"showImageEffects":true,"showParticleSystems":true},"in2DMode":false,"pivot":{"x":0.8914342522621155,"y":0.7850071787834168,"z":1.3286857604980469},"rotation":{"x":-0.00010921572538791224,"y":-0.9998898506164551,"z":0.007809317205101252,"w":-0.01439063623547554},"size":1.662456750869751,"orthographic":false}